file,column_line,button_line,component,label,tone,link,icon
frontend/src/components/design/DesignCapacityConfig.vue,115,117,GlassButton,删除,danger,True,True
frontend/src/views/aftersales/AfterSalesList.vue,84,85,GlassButton,查看,primary,True,True
frontend/src/views/aftersales/SopManagement.vue,35,35,GlassButton,查看解析,primary,True,True
frontend/src/views/aftersales/SopManagement.vue,35,35,GlassButton,启用,success,True,True
frontend/src/views/agent-runtime/AgentTaskCenter.vue,103,105,GlassButton,详情,primary,True,True
frontend/src/views/agent-runtime/AgentTaskCenter.vue,149,151,GlassButton,查看,primary,True,True
frontend/src/views/agent-runtime/AgentTaskCenter.vue,149,155,GlassButton,运行,primary,True,True
frontend/src/views/announcement/AnnouncementList.vue,78,81,GlassButton,查看,primary,True,True
frontend/src/views/announcement/AnnouncementList.vue,78,82,GlassButton,row.pending_approval_id ? '审核详情' : '编辑',primary,True,True
frontend/src/views/announcement/AnnouncementList.vue,78,83,GlassButton,row.pinned ? '取消置顶' : '置顶',primary,True,True
frontend/src/views/announcement/AnnouncementList.vue,78,84,GlassButton,撤回,danger,True,True
frontend/src/views/announcement/AnnouncementList.vue,78,85,GlassButton,删除,danger,True,True
frontend/src/views/announcement/AnnouncementSettings.vue,60,61,el-button,重试,primary,True,True
frontend/src/views/announcement/AnnouncementSettings.vue,60,63,el-button,核实已送达,primary,True,True
frontend/src/views/announcement/AnnouncementSettings.vue,60,64,el-button,核实后取消,info,True,True
frontend/src/views/announcement/AnnouncementSettings.vue,60,65,el-button,核实后重发,warning,True,True
frontend/src/views/asset/AssetLibrary.vue,279,281,el-button,下载,primary,True,True
frontend/src/views/asset/AssetLibrary.vue,279,285,el-button,收藏,primary,True,True
frontend/src/views/asset/AssetLibrary.vue,279,289,el-button,标签,primary,True,True
frontend/src/views/asset/AssetLibrary.vue,279,293,el-button,删除,danger,True,True
frontend/src/views/card/CardButler.vue,49,51,GlassButton,纪要,primary,True,True
frontend/src/views/card/CardButler.vue,49,52,GlassButton,编辑,primary,True,True
frontend/src/views/card/CardButler.vue,49,53,GlassButton,删除,danger,True,True
frontend/src/views/card/CardButler.vue,113,115,GlassButton,row.status === 'new' ? '标记已处理' : '标记未处理',primary,True,True
frontend/src/views/card/CardButler.vue,157,159,GlassButton,编辑,primary,True,True
frontend/src/views/color/BlendView.vue,79,81,el-button,详情,primary,True,True
frontend/src/views/color/BlendView.vue,79,84,el-button,编辑,primary,True,True
frontend/src/views/color/BlendView.vue,79,87,el-button,删除,danger,True,True
frontend/src/views/commission/CommissionBatch.vue,78,82,GlassButton,执行计算,primary,True,True
frontend/src/views/commission/CommissionBatch.vue,78,86,GlassButton,明细,primary,True,True
frontend/src/views/commission/CommissionBatch.vue,78,87,GlassButton,发送确认,warning,True,True
frontend/src/views/commission/CommissionBatch.vue,78,88,GlassButton,确认,success,True,True
frontend/src/views/commission/CommissionBatch.vue,78,89,GlassButton,作废,danger,True,True
frontend/src/views/commission/CommissionBatch.vue,78,94,GlassButton,明细,primary,True,True
frontend/src/views/commission/CommissionBatch.vue,78,95,GlassButton,撤销确认,danger,True,True
frontend/src/views/commission/CommissionBatch.vue,78,96,GlassButton,确认,success,True,True
frontend/src/views/commission/CommissionBatch.vue,78,97,GlassButton,作废,danger,True,True
frontend/src/views/commission/CommissionBatch.vue,78,102,GlassButton,明细,primary,True,True
frontend/src/views/commission/CommissionBatch.vue,78,107,GlassButton,明细,primary,True,True
frontend/src/views/commission/SalesCommission.vue,105,107,GlassButton,明细,primary,True,True
frontend/src/views/commission/SalesCommission.vue,105,108,GlassButton,导出,primary,True,True
frontend/src/views/commission/SalesCommission.vue,105,110,GlassButton,问题反馈,primary,True,True
frontend/src/views/commission/SalesCommission.vue,105,111,GlassButton,提交确认,success,True,True
frontend/src/views/customer/CustomerSnapshot.vue,95,97,GlassButton,补充信息,primary,True,True
frontend/src/views/customer/CustomerSnapshot.vue,95,98,GlassButton,重置归属,primary,True,True
frontend/src/views/customer-image/admin/InviteList.vue,47,49,GlassButton,停用,warning,True,True
frontend/src/views/customer-image/admin/ProductTemplateList.vue,55,57,GlassButton,编辑,primary,True,True
frontend/src/views/customer-image/admin/ProductTemplateList.vue,55,58,GlassButton,row.is_published ? '取消发布' : '发布',row.is_published ? 'warning' : 'success',True,True
frontend/src/views/customer-image/admin/ProductTemplateList.vue,55,64,GlassButton,删除,danger,True,True
frontend/src/views/customer_hub/CustomerDirectory.vue,18,18,GlassButton,客户作战卡,primary,True,True
frontend/src/views/customer_hub/CustomerHubWorkspace.vue,69,71,GlassButton,工作区,primary,True,True
frontend/src/views/customer_hub/CustomerHubWorkspace.vue,83,83,GlassButton,查看结果,primary,True,True
frontend/src/views/customer_hub/CustomerHubWorkspace.vue,83,83,GlassButton,重新入队,primary,True,True
frontend/src/views/customer_hub/CustomerHubWorkspace.vue,93,93,GlassButton,查看详情,primary,True,True
frontend/src/views/customer_hub/CustomerHubWorkspace.vue,103,103,GlassButton,更新,primary,True,True
frontend/src/views/customer_hub/CustomerHubWorkspace.vue,112,112,GlassButton,处理,primary,True,True
frontend/src/views/customer_hub/mail_outreach/MailOutreachPanel.vue,26,27,GlassButton,查看/审核,primary,True,True
frontend/src/views/customer_hub/QualificationPanel.vue,29,29,GlassButton,row.can_review ? '审阅并决定' : '查看受限原因',primary,True,True
frontend/src/views/customer_hub/workspace/WorkspaceConversations.vue,43,45,GlassButton,核验并绑定本客户,primary,True,True
frontend/src/views/customer_hub/workspace/WorkspaceMaintenance.vue,4,4,GlassButton,row.status==='active'?'暂停':'恢复',row.status==='active' ? 'warning' : 'success',True,True
frontend/src/views/customer_hub/workspace/WorkspaceMaintenance.vue,5,5,GlassButton,改约,primary,True,True
frontend/src/views/customer_hub/workspace/WorkspaceMaintenance.vue,6,6,GlassButton,SAMPLE_OPERATION_LABELS[op],primary,True,True
frontend/src/views/customer_hub/workspace/WorkspaceMonitor.vue,23,25,GlassButton,row.enabled ? '暂停' : '恢复',row.enabled ? 'warning' : 'success',True,True
frontend/src/views/customer_hub/workspace/WorkspaceMonitor.vue,23,28,GlassButton,采集,primary,True,True
frontend/src/views/customer_hub/workspace/WorkspaceMonitor.vue,46,49,GlassButton,确认,success,True,True
frontend/src/views/customer_hub/workspace/WorkspaceMonitor.vue,46,50,GlassButton,忽略,danger,True,True
frontend/src/views/customer_hub/workspace/WorkspaceProfile.vue,33,36,GlassButton,采纳,success,True,True
frontend/src/views/customer_hub/workspace/WorkspaceProfile.vue,33,37,GlassButton,编辑采纳,primary,True,True
frontend/src/views/customer_hub/workspace/WorkspaceProfile.vue,33,38,GlassButton,驳回,danger,True,True
frontend/src/views/design/AuditQueue.vue,110,112,GlassButton,详情,primary,True,True
frontend/src/views/design/AuditQueue.vue,110,113,GlassButton,通过,success,True,True
frontend/src/views/design/AuditQueue.vue,110,114,GlassButton,拒绝,danger,True,True
frontend/src/views/design/CustomerMediaAccounts.vue,32,32,GlassButton,修改邮箱/密码,primary,True,True
frontend/src/views/design/CustomerMediaAccounts.vue,32,32,GlassButton,row.is_active ? '停用' : '启用',row.is_active ? 'warning' : 'success',True,True
frontend/src/views/design/CustomerMediaReview.vue,30,30,GlassButton,审核,primary,True,True
frontend/src/views/design/DesignManage.vue,90,92,GlassButton,详情,primary,True,True
frontend/src/views/design/DesignManage.vue,90,93,GlassButton,确认排期,primary,True,True
frontend/src/views/design/DesignManage.vue,217,219,GlassButton,详情,primary,True,True
frontend/src/views/design/DesignManage.vue,217,220,GlassButton,开始执行,primary,True,True
frontend/src/views/design/DesignManage.vue,217,225,GlassButton,上传素材,success,True,True
frontend/src/views/design/DesignManage.vue,217,231,GlassButton,取消,danger,True,True
frontend/src/views/design/DesignManage.vue,321,323,GlassButton,详情,primary,True,True
frontend/src/views/design/DesignManage.vue,380,382,GlassButton,编辑,primary,True,True
frontend/src/views/design/DesignManage.vue,380,383,GlassButton,row.is_active ? '停用' : '启用',row.is_active ? 'warning' : 'success',True,True
frontend/src/views/design/MyRequests.vue,130,132,GlassButton,详情,primary,True,True
frontend/src/views/design/MyRequests.vue,130,133,GlassButton,取消,danger,True,True
frontend/src/views/domestic/components/DomesticSkipAuditDialog.vue,29,31,GlassButton,撤销,danger,True,True
frontend/src/views/domestic/DomesticCustomers.vue,121,124,GlassButton,编辑,primary,True,True
frontend/src/views/domestic/DomesticCustomers.vue,121,125,GlassButton,流水,primary,True,True
frontend/src/views/domestic/DomesticCustomers.vue,121,128,GlassButton,更多,primary,True,True
frontend/src/views/domestic/DomesticOrders.vue,80,82,GlassButton,详情,primary,True,True
frontend/src/views/domestic/DomesticOrders.vue,80,83,GlassButton,导出,primary,True,True
frontend/src/views/domestic/DomesticOrders.vue,80,84,GlassButton,批量打印逐件码,primary,True,True
frontend/src/views/domestic/DomesticOrders.vue,80,85,GlassButton,通过,success,True,True
frontend/src/views/domestic/DomesticOrders.vue,80,86,GlassButton,驳回,danger,True,True
frontend/src/views/domestic/DomesticOrders.vue,80,87,GlassButton,编辑,primary,True,True
frontend/src/views/domestic/DomesticOrders.vue,80,88,GlassButton,提交,primary,True,True
frontend/src/views/domestic/DomesticOrders.vue,80,89,GlassButton,终止,danger,True,True
frontend/src/views/domestic/DomesticOrders.vue,80,90,GlassButton,删除,danger,True,True
frontend/src/views/domestic/DomesticOrders.vue,80,91,GlassButton,删除,danger,True,True
frontend/src/views/domestic/DomesticOrders.vue,184,186,GlassButton,代报工,primary,True,True
frontend/src/views/domestic/DomesticOrders.vue,184,190,GlassButton,异常跳过,danger,True,True
frontend/src/views/domestic/DomesticOrders.vue,300,302,GlassButton,撤销,danger,True,True
frontend/src/views/domestic/DomesticProducts.vue,27,29,GlassButton,改路线,primary,True,True
frontend/src/views/domestic/DomesticProducts.vue,27,30,GlassButton,删除,danger,True,True
frontend/src/views/domestic/DomesticProducts.vue,113,115,GlassButton,row.price_status === 'configured' ? '改原始价' : '配原始价',primary,True,True
frontend/src/views/domestic/DomesticProducts.vue,113,116,GlassButton,删除原始价,danger,True,True
frontend/src/views/domestic/DomesticProducts.vue,113,117,GlassButton,改绑路线,primary,True,True
frontend/src/views/employee/EmployeeAttribute.vue,47,49,GlassButton,设置属性,primary,True,True
frontend/src/views/employee/EmployeeAttribute.vue,47,50,GlassButton,查看历史,primary,True,True
frontend/src/views/expo/BeautifyPromptVersions.vue,33,34,GlassButton,查看 row.status === 'draft' ? ' / 编辑' : '',primary,True,True
frontend/src/views/expo/BeautifyPromptVersions.vue,33,35,GlassButton,复制草稿,primary,True,True
frontend/src/views/expo/BeautifyPromptVersions.vue,33,36,GlassButton,发布,success,True,True
frontend/src/views/expo/BeautifyPromptVersions.vue,33,37,GlassButton,归档,warning,True,True
frontend/src/views/expo/ExpoLeads.vue,58,60,GlassButton,详情,primary,True,True
frontend/src/views/expo/ExpoLeads.vue,58,61,GlassButton,删除,danger,True,True
frontend/src/views/expo/HairColorLibrary.vue,56,58,GlassButton,编辑,primary,True,True
frontend/src/views/expo/HairColorLibrary.vue,56,59,GlassButton,删除,danger,True,True
frontend/src/views/expo/PromptVersions.vue,35,36,GlassButton,编辑,primary,True,True
frontend/src/views/expo/PromptVersions.vue,35,37,GlassButton,复制,primary,True,True
frontend/src/views/expo/PromptVersions.vue,35,38,GlassButton,设为默认,primary,True,True
frontend/src/views/expo/StoreManagement.vue,59,61,GlassButton,额度,primary,True,True
frontend/src/views/expo/StoreManagement.vue,59,62,GlassButton,人员,primary,True,True
frontend/src/views/expo/StoreManagement.vue,59,63,GlassButton,编辑,primary,True,True
frontend/src/views/expo/StoreManagement.vue,59,64,GlassButton,row.status === 1 ? '停用' : '启用',row.status === 1 ? 'warning' : 'success',True,True
frontend/src/views/expo/StoreManagement.vue,130,132,GlassButton,解绑,danger,True,True
frontend/src/views/expo/WigLibrary.vue,72,74,GlassButton,编辑,primary,True,True
frontend/src/views/expo/WigLibrary.vue,72,75,GlassButton,删除,danger,True,True
frontend/src/views/governance/ConceptRegistry.vue,120,123,GlassButton,查看,primary,True,True
frontend/src/views/governance/ConceptRegistry.vue,120,125,GlassButton,认领,primary,True,True
frontend/src/views/insight/IntelligenceLibrary.vue,110,112,el-button,row.is_featured ? '取消精选' : '精选',primary,True,True
frontend/src/views/insight/IntelligenceOverview.vue,147,149,el-button,row.is_active ? '停用' : '启用',row.is_active ? 'warning' : 'success',True,True
frontend/src/views/insight/SourcesAdminView.vue,72,74,GlassButton,测试连通,primary,True,True
frontend/src/views/insight/SourcesAdminView.vue,72,75,GlassButton,编辑,primary,True,True
frontend/src/views/insight/SourcesAdminView.vue,72,76,GlassButton,禁用,warning,True,True
frontend/src/views/invoice/components/AccessoryPriceConfig.vue,33,35,el-button,编辑,primary,True,True
frontend/src/views/invoice/components/AccessoryPriceConfig.vue,33,39,el-button,删除,danger,True,True
frontend/src/views/invoice/components/InvoiceAccessoryTable.vue,88,90,el-button,,danger,True,True
frontend/src/views/invoice/components/InvoiceHairTable.vue,169,170,el-button,,danger,True,True
frontend/src/views/invoice/components/InvoicePasteImport.vue,102,122,el-button,作为定制产品,primary,True,True
frontend/src/views/invoice/components/InvoiceWholeOrderPaste.vue,92,112,el-button,作为定制产品,primary,True,True
frontend/src/views/invoice/components/ShipmentSettlementDialog.vue,37,38,el-button,取消,primary,True,True
frontend/src/views/invoice/components/ShipmentSettlementDialog.vue,37,39,el-button,row.state === 'paused' ? '恢复' : '暂停',row.state === 'paused' ? 'success' : 'warning',True,True
frontend/src/views/invoice/components/ShipmentSettlementDialog.vue,37,40,el-button,确认实际出库,success,True,True
frontend/src/views/invoice/components/ShipmentSettlementDialog.vue,37,41,el-button,核对运费单,primary,True,True
frontend/src/views/invoice/components/ShipmentSettlementDialog.vue,37,42,el-button,重试运费单,primary,True,True
frontend/src/views/invoice/components/ShipmentSettlementDialog.vue,37,43,el-button,核对出库单,primary,True,True
frontend/src/views/invoice/components/ShipmentSettlementDialog.vue,37,44,el-button,重试出库单,primary,True,True
frontend/src/views/invoice/InvoiceManage.vue,108,111,el-button,编辑,primary,True,True
frontend/src/views/invoice/InvoiceManage.vue,108,115,el-button,isInvoiceSyncing(row.id) ? '同步中' : '同步',warning,True,True
frontend/src/views/invoice/InvoiceManage.vue,108,132,el-button,处理待核对,danger,True,True
frontend/src/views/invoice/InvoiceManage.vue,108,141,el-button,生成出库单,primary,True,True
frontend/src/views/invoice/InvoiceManage.vue,108,143,el-button,更多,primary,True,True
frontend/src/views/invoice/InvoiceManage.vue,108,158,el-button,删除,danger,True,True
frontend/src/views/invoice/InvoicePriceConfig.vue,50,52,el-button,编辑,primary,True,True
frontend/src/views/invoice/InvoicePriceConfig.vue,50,56,el-button,删除,danger,True,True
frontend/src/views/invoice/InvoicePriceConfig.vue,89,91,el-button,删除,danger,True,True
frontend/src/views/invoice/InvoicePriceConfig.vue,126,128,el-button,编辑,primary,True,True
frontend/src/views/invoice/InvoicePriceConfig.vue,126,132,el-button,删除,danger,True,True
frontend/src/views/knowledge/KnowledgeAiSettings.vue,51,53,GlassButton,编辑,primary,True,True
frontend/src/views/knowledge/KnowledgeAiSettings.vue,51,54,GlassButton,测试,primary,True,True
frontend/src/views/knowledge/KnowledgeAiSettings.vue,51,55,GlassButton,记录,primary,True,True
frontend/src/views/knowledge/KnowledgeAiSettings.vue,51,56,GlassButton,删除,danger,True,True
frontend/src/views/mail_outreach/MailOutreachQueue.vue,56,58,GlassButton,撤销,danger,True,True
frontend/src/views/production/ProcessManage.vue,65,67,GlassButton,编辑,primary,True,True
frontend/src/views/production/ProcessManage.vue,65,68,GlassButton,row.status === 1 ? '禁用' : '启用',row.status === 1 ? 'warning' : 'success',True,True
frontend/src/views/production/ProcessManage.vue,65,71,GlassButton,删除,danger,True,True
frontend/src/views/receipt/BatchReceiptDialog.vue,14,14,el-button,刷新,primary,True,True
frontend/src/views/receipt/BatchReceiptDialog.vue,14,14,el-button,移除,primary,True,True
frontend/src/views/receipt/ReceiptManage.vue,90,93,el-button,查看,primary,True,True
frontend/src/views/receipt/ReceiptManage.vue,90,94,el-button,整笔回款,primary,True,True
frontend/src/views/receipt/ReceiptManage.vue,90,95,el-button,重试,primary,True,True
frontend/src/views/report/ReportCenter.vue,67,69,GlassButton,查看,primary,True,True
frontend/src/views/report/ReportCenter.vue,67,70,GlassButton,设计器,primary,True,True
frontend/src/views/report/ReportCenter.vue,67,77,GlassButton,版本,primary,True,True
frontend/src/views/report/ReportCenter.vue,67,84,GlassButton,删除,danger,True,True
frontend/src/views/report/ReportCenter.vue,187,189,GlassButton,预览,primary,True,True
frontend/src/views/report/ReportCenter.vue,187,190,GlassButton,回滚,primary,True,True
frontend/src/views/salary/SalaryPeriods.vue,70,72,el-button,进入工作台,primary,True,True
frontend/src/views/salary/SalaryProfiles.vue,92,94,GlassButton,编辑,primary,True,True
frontend/src/views/salary/SalaryRules.vue,49,51,GlassButton,编辑,primary,True,True
frontend/src/views/salary/SalaryRules.vue,81,84,GlassButton,保存,primary,True,True
frontend/src/views/salary/SalaryRules.vue,81,85,GlassButton,取消,primary,True,True
frontend/src/views/salary/SalaryRules.vue,81,87,GlassButton,修改,primary,True,True
frontend/src/views/salary/SalaryRules.vue,112,114,GlassButton,编辑,primary,True,True
frontend/src/views/salary/SalaryWorkbench.vue,104,107,el-button,RECORD_LEVEL_KINDS.includes(row.kind) ? '去明细表' : '去考勤页',primary,True,True
frontend/src/views/salary/SalaryWorkbench.vue,221,223,el-button,录入,primary,True,True
frontend/src/views/sales_automation/PublicPoolResearch.vue,76,78,GlassButton,详情,primary,True,True
frontend/src/views/sales_automation/PublicPoolResearch.vue,76,80,GlassButton,审核通过,success,True,True
frontend/src/views/sales_automation/PublicPoolResearch.vue,76,81,GlassButton,拒绝,danger,True,True
frontend/src/views/sales_automation/PublicPoolResearch.vue,76,83,GlassButton,领取客户,success,True,True
frontend/src/views/sales_automation/SearchJobs.vue,58,60,GlassButton,重新排队,primary,True,True
frontend/src/views/semifinished/InventoryManage.vue,37,37,el-button,流水,primary,True,True
frontend/src/views/semifinished/InventoryManage.vue,37,37,el-button,调整,warning,True,True
frontend/src/views/semifinished/MaterialManage.vue,65,65,el-button,配比,primary,True,True
frontend/src/views/semifinished/OrderManage.vue,44,46,el-button,详情,primary,True,True
frontend/src/views/semifinished/OrderManage.vue,44,47,el-button,终止,danger,True,True
frontend/src/views/semifinished/OrderManage.vue,98,98,el-button,入库,primary,True,True
frontend/src/views/shipping/InspectionRecords.vue,71,73,GlassButton,查看,primary,True,True
frontend/src/views/shipping/InspectionRecords.vue,71,74,GlassButton,下载 PDF,primary,True,True
frontend/src/views/shipping/InspectionRecords.vue,71,75,GlassButton,打印验货单,primary,True,True
frontend/src/views/shipping/InspectionRecords.vue,71,76,GlassButton,撤回编辑,primary,True,True
frontend/src/views/shipping/OutboundRecords.vue,79,81,GlassButton,下载 Word,primary,True,True
frontend/src/views/shipping/OutboundRecords.vue,79,83,GlassButton,打印出库单,primary,True,True
frontend/src/views/shipping/OutboundRecords.vue,79,87,GlassButton,更多,primary,True,True
frontend/src/views/stock/ProductionOrderManage.vue,94,97,GlassButton,详情,primary,True,True
frontend/src/views/stock/ProductionOrderManage.vue,94,98,GlassButton,编辑,primary,True,True
frontend/src/views/stock/ProductionOrderManage.vue,94,100,GlassButton,打印,primary,True,True
frontend/src/views/stock/ProductionOrderManage.vue,94,108,GlassButton,导出,primary,True,True
frontend/src/views/stock/ProductionOrderManage.vue,94,109,GlassButton,重置工艺,primary,True,True
frontend/src/views/stock/ProductionOrderManage.vue,94,110,GlassButton,删除,danger,True,True
frontend/src/views/stock/ProductionOrderManage.vue,181,183,GlassButton,编辑,primary,True,True
frontend/src/views/stock/ProductionOrderManage.vue,181,184,GlassButton,改状态,primary,True,True
frontend/src/views/stock/ProductionOrderManage.vue,181,185,GlassButton,入库,primary,True,True
frontend/src/views/stock/ProductionOrderManage.vue,181,186,GlassButton,进度,primary,True,True
frontend/src/views/stock/ProductionOrderManage.vue,181,187,GlassButton,删除,danger,True,True
frontend/src/views/stock/ProductionOrderManage.vue,213,215,GlassButton,进度,primary,True,True
frontend/src/views/stock/ProductionOrderManage.vue,213,216,GlassButton,打印流转卡,primary,True,True
frontend/src/views/stock/ProductionOrderPrint.vue,120,122,el-button,打印整单,primary,True,True
frontend/src/views/stock/SafetyConfig.vue,182,185,el-button,AI,warning,True,True
frontend/src/views/stock/SafetyConfig.vue,182,186,el-button,生产下单,primary,True,True
frontend/src/views/stock/SafetyConfig.vue,266,268,el-button,,danger,True,True
frontend/src/views/stock/SafetyConfig.vue,329,331,el-button,进度,primary,True,True
frontend/src/views/stock/StockOverview.vue,187,189,el-button,进度,primary,True,True
frontend/src/views/supervisor/SupervisorRelation.vue,44,46,GlassButton,变更主管,primary,True,True
frontend/src/views/supervisor/SupervisorRelation.vue,44,47,GlassButton,查看历史,primary,True,True
frontend/src/views/system/AIManager.vue,95,97,el-button,测试,primary,True,True
frontend/src/views/system/AIManager.vue,95,100,el-button,编辑,primary,True,True
frontend/src/views/system/AIManager.vue,95,103,el-button,删除,danger,True,True
frontend/src/views/system/AIManager.vue,158,160,el-button,测试,primary,True,True
frontend/src/views/system/AIManager.vue,158,163,el-button,编辑,primary,True,True
frontend/src/views/system/AIManager.vue,158,166,el-button,复制,primary,True,True
frontend/src/views/system/AIManager.vue,158,169,el-button,删除,danger,True,True
frontend/src/views/system/components/AiGatewayApps.vue,20,22,GlassButton,编辑,primary,True,True
frontend/src/views/system/components/AiGatewayApps.vue,20,23,GlassButton,调用记录,primary,True,True
frontend/src/views/system/components/AiGatewayApps.vue,20,24,GlassButton,重置密钥,primary,True,True
frontend/src/views/system/components/AiGatewayApps.vue,20,25,GlassButton,row.is_enabled ? '停用' : '启用',row.is_enabled ? 'warning' : 'success',True,True
frontend/src/views/system/components/AiGatewayApps.vue,78,78,GlassButton,解除占用,danger,True,True
frontend/src/views/system/ComponentShowcase.vue,40,40,GlassButton,详情,primary,True,True
frontend/src/views/system/ComponentShowcase.vue,40,40,GlassButton,删除,danger,True,True
frontend/src/views/system/DictManagement.vue,58,60,GlassButton,编辑,primary,True,True
frontend/src/views/system/DictManagement.vue,58,61,GlassButton,row.is_active ? '禁用' : '启用',row.is_active ? 'warning' : 'success',True,True
frontend/src/views/system/DictManagement.vue,58,64,GlassButton,删除,danger,True,True
frontend/src/views/system/ExternalBindings.vue,66,69,GlassButton,绑定用户,primary,True,True
frontend/src/views/system/ExternalBindings.vue,66,70,GlassButton,忽略,danger,True,True
frontend/src/views/system/GmvDailyConfig.vue,109,111,GlassButton,,primary,True,True
frontend/src/views/system/IntegrationAppManagement.vue,105,108,GlassButton,轮换,primary,True,True
frontend/src/views/system/IntegrationAppManagement.vue,105,118,GlassButton,吊销,danger,True,True
frontend/src/views/system/McpTokenManagement.vue,86,89,GlassButton,重新发放,primary,True,True
frontend/src/views/system/McpTokenManagement.vue,86,90,GlassButton,吊销,danger,True,True
frontend/src/views/system/OperationsCenter.vue,153,156,el-button,立即执行,primary,True,True
frontend/src/views/system/OperationsCenter.vue,153,157,el-button,暂停,warning,True,True
frontend/src/views/system/OperationsCenter.vue,153,158,el-button,恢复,success,True,True
frontend/src/views/system/RoleManagement.vue,41,43,GlassButton,编辑,primary,True,True
frontend/src/views/system/RoleManagement.vue,41,46,GlassButton,权限,primary,True,True
frontend/src/views/system/RoleManagement.vue,41,49,GlassButton,删除,danger,True,True
frontend/src/views/system/UserManagement.vue,60,62,GlassButton,编辑,primary,True,True
frontend/src/views/system/UserManagement.vue,60,63,GlassButton,权限,primary,True,True
frontend/src/views/system/UserManagement.vue,60,64,GlassButton,同步钉钉,primary,True,True
frontend/src/views/system/UserManagement.vue,60,65,GlassButton,重置密码,primary,True,True
frontend/src/views/system/UserManagement.vue,60,66,GlassButton,row.is_active ? '禁用' : '启用',row.is_active ? 'warning' : 'success',True,True
frontend/src/views/system/UserManagement.vue,60,69,GlassButton,删除,danger,True,True
frontend/src/views/system/WhatsAppConnector.vue,92,94,GlassButton,拉取消息,primary,True,True
frontend/src/views/system/WhatsAppConnector.vue,92,95,GlassButton,查看对话,primary,True,True
frontend/src/views/system/WhatsAppConnector.vue,92,96,GlassButton,解绑,danger,True,True
frontend/src/views/system/WhatsAppTranslation.vue,40,42,el-button,撤销,danger,True,True
frontend/src/views/system/WhatsAppTranslationAuthorize.vue,35,37,el-button,撤销,danger,True,True
frontend/src/views/tracking/TrackingList.vue,164,166,GlassButton,刷新,primary,True,True
frontend/src/views/tracking/TrackingList.vue,164,169,GlassButton,删除,danger,True,True
frontend/src/views/training/TrainingList.vue,101,103,GlassButton,查看,primary,True,True
frontend/src/views/training/TrainingList.vue,101,104,GlassButton,编辑,primary,True,True
frontend/src/views/training/TrainingList.vue,101,110,GlassButton,删除,danger,True,True
